year,month,total_sales_usd,num_transactions,avg_transaction_usd
1900,1,76.6899171018515,1,76.69
2024,5,613.8679164415215,11,55.81
