affiliate,category,total_sales_usd
Bob White,Health,157.0317350180769
Linda White,Electronics,109.55702443121645
,Fashion,80.84335790971414
Jane Smith,Fashion,74.375889276937
Alice Brown,Electronics,65.73421465872987
John Doe,,63.908264251542924
Susan Black,,51.796521454664415
John Doe,Electronics,48.50601474582848
James Grey,Fashion,38.80481179666278
