sale_id,currency_code,rate_to_usd,amount_usd,original_amount
101,EUR,3.0924,48.50601474582848,150.0
102,USD,2.7383,0.0,0.0
103,USD,2.7383,65.73421465872987,180.0
104,USD,2.7383,76.6899171018515,210.0
105,EUR,3.0924,80.84335790971414,250.0
106,GBP,3.6682,51.796521454664415,190.0
107,USD,2.7383,109.55702443121645,300.0
108,EUR,3.0924,38.80481179666278,120.0
109,USD,2.7383,63.908264251542924,175.0
110,GBP,3.6682,0.0,0.0
111,EUR,3.0924,74.375889276937,230.0
112,USD,2.7383,80.3418179162254,220.0
